,en,zh

DISTURBING_BACKGROUND,disturbing background,è®©äººåˆ†å¿ƒçš„èƒŒæ™¯
SUBMIT_HOLD,SUBMIT (HOLD),æäº¤ (é•¿æŒ‰)
LEVEL_SOLVED,LEVEL SOLVED!,å·²è§£å†³ï¼

CHAPTER_1_POSSIBILITY,Chapter 1\nPossibility,ç¬¬ä¸€ç«    å¯èƒ½æ€§
CHAPTER_2_SHOULD,Chapter 2\nShould,ç¬¬äºŒç«    åº”è¯¥
CHAPTER_3_DEFINITION,Chapter 3\nDefinition,ç¬¬ä¸‰ç«    å®šä¹‰

INTRO,Intro,å¼•è¨€
UNLIKELY,Unlikely,å°æ¦‚ç‡
LOGIC,Logic,é€»è¾‘
LOGIC_HARD,Logic - HARDğŸš¨,é€»è¾‘ Â· éš¾ğŸš¨
LIES_GENERALIZED,Lies - Generalized,è°è¨€ Â· å½’çº³
LIES,Lies,è°è¨€
LIES_1,Lies 1,è°è¨€ 1
LIES_2,Lies 2,è°è¨€ 2
LIES_HARD,Lies - HARDğŸš¨,è°è¨€ Â· éš¾ğŸš¨
MEMORY_1,Memory 1,è®°å¿† 1
MEMORY_2,Memory 2,è®°å¿† 2
MEMORY_GENERALIZED,Memory - Generalized,è®°å¿† Â· å½’çº³
MEMORY_HARD,Memory - HARDğŸš¨,è®°å¿† Â· éš¾ğŸš¨
PATTERNS_1,Patterns 1,è§„å¾‹ 1
PATTERNS_2,Patterns 2,è§„å¾‹ 2
PATTERNS_3,Patterns 3,è§„å¾‹ 3
FINALE,Finale,ç« ç»ˆ

POSSIBILITY_INTRO_NOTE,"[center]The topic of Chapter 1 is possibility.\nIf the event described below is [b]possible[/b] (including events that are bound to happen)\n[b]according to your knowledge[/b],\nthen left click the green box to answer ""P"" (Possible);\notherwise, right click to answer ""NP"" (Not Possible).[/center]","[center]ç¬¬ä¸€ç« çš„ä¸»é¢˜æ˜¯å¯èƒ½æ€§ã€‚\nå¦‚æœé¢˜ç›®æè¿°çš„äº‹ä»¶[b]æ®ä½ æ‰€çŸ¥[/b]æ˜¯[b]å¯èƒ½[/b]å‘ç”Ÿçš„ï¼ˆä¸€å®šå‘ç”Ÿçš„ä¹Ÿç®—å¯èƒ½å‘ç”Ÿï¼‰ï¼Œ\nåˆ™é¼ æ ‡å·¦é”®ç‚¹å‡»ç»¿è‰²æ¡†ï¼Œä»¥å›ç­” ""P""ï¼ˆPossibleï¼‰ï¼›\nå¦åˆ™å³é”®ç‚¹å‡»ç»¿è‰²æ¡†ï¼Œä»¥å›ç­” ""NP""ï¼ˆNot Possibleï¼‰ã€‚[/center]"
POSSIBILITY_INTRO_TOSS,"1. A standard coin is tossed. After it lands, its head faces up (it's still a standard coin).","1. æ·å‡ºä¸€æ ‡å‡†ç¡¬å¸ï¼Œå…¶è½åœ°åæ­£é¢æœä¸Šï¼ˆè½åœ°åä»ä¸ºæ ‡å‡†ç¡¬å¸ï¼‰ã€‚"
POSSIBILITY_INTRO_TOSS_OR,"2. A standard coin is tossed. After it lands, its head or tail faces up (it's still a standard coin).","2. æ·å‡ºä¸€æ ‡å‡†ç¡¬å¸ï¼Œå…¶è½åœ°åæ­£é¢æˆ–èƒŒé¢æœä¸Šï¼ˆè½åœ°åä»ä¸ºæ ‡å‡†ç¡¬å¸ï¼‰ã€‚"
POSSIBILITY_INTRO_TOSS_BOTH,"3. A standard coin is tossed. After it lands, its head and tail face up simultaneously (it's still a standard coin).","3. æ·å‡ºä¸€æ ‡å‡†ç¡¬å¸ï¼Œå…¶è½åœ°åæ­£é¢å’ŒèƒŒé¢åŒæ—¶æœä¸Šï¼ˆè½åœ°åä»ä¸ºæ ‡å‡†ç¡¬å¸ï¼‰ã€‚"
POSSIBILITY_UNLIKELY_NOTE,"You will receive a penalty when you submit a wrong answer,\nwhich prevents you from answering this problem for a while.\nSubmitting a wrong answer multiple times makes the penalty for this problem longer.","è‹¥ä½ å›ç­”é”™è¯¯ï¼Œåˆ™ä¼šå—åˆ°æƒ©ç½šï¼Œä¸€æ®µæ—¶é—´å†…æ— æ³•å†æ¬¡å›ç­”æ­¤é¢˜ã€‚\nå¤šæ¬¡å›ç­”é”™è¯¯ä¼šä½¿æœ¬é¢˜æƒ©ç½šæ—¶é—´åŠ é•¿ã€‚"
POSSIBILITY_UNLIKELY_WORM,"1. The worm that you find in restaurant food was dropped out of your own mouth.","1. ä½ åœ¨é¥­åº—çš„èœé‡Œåƒåˆ°çš„è™«å­æ˜¯ä»è‡ªå·±å˜´é‡Œæ‰è¿›å»çš„ã€‚"
POSSIBILITY_UNLIKELY_MURDER,"2. The one that matches the fingerprint on the murder weapon is not the murderer.","2. ä¸å‡¶å™¨ä¸ŠæŒ‡çº¹ç›¸åŒ¹é…çš„äººä¸æ˜¯å‡¶æ‰‹ã€‚"
POSSIBILITY_UNLIKELY_STRANGER,"3. You return home, and then find a stranger in your bathroom.","3. ä½ å›å®¶åå‘ç°å•æ‰€é‡Œæœ‰ä¸ªé™Œç”Ÿäººã€‚"
POSSIBILITY_LOGIC_NOTE,"Hover over a piece of yellow text and don't move your cursor\nfor extra clarifications for the text.","é¼ æ ‡ç§»åŠ¨åˆ°é»„è‰²æ–‡å­—ä¸Šä¿æŒä¸åŠ¨ï¼Œä»¥æ˜¾ç¤ºå¯¹è¿™æ®µæ–‡å­—çš„è¿›ä¸€æ­¥é˜é‡Šã€‚"
POSSIBILITY_LOGIC_APPLE,"1. Someone is holding a red apple that is not red.","1. æœ‰äººæ‹¿ç€ä¸€ä¸ªéçº¢è‰²çš„çº¢è‹¹æœã€‚"
POSSIBILITY_LOGIC_KISS,"2. Someone has experienced their first kiss without ever touching anyone.","2. æœ‰äººç»å†è¿‡åˆå»ä½†æ˜¯ä»æ²¡ç¢°è¿‡åˆ«äººã€‚"
POSSIBILITY_LOGIC_PETAGON_CONVEX,"3. A [color=yellow][hint=extremely thin]line segment[/hint][/color] is added inside a convex pentagon, which divides the pentagon into two triangles.","3. åœ¨ä¸€ä¸ªå‡¸äº”è¾¹å½¢é‡Œæ·»åŠ ä¸€æ¡[color=yellow][hint=æç»†]çº¿æ®µ[/hint][/color]ï¼Œæ­¤æ“ä½œä½¿å¾—æ­¤äº”è¾¹å½¢è¢«åˆ†æˆä¸¤ä¸ªä¸‰è§’å½¢ã€‚"
POSSIBILITY_LOGIC_PETAGON_CONCONCAVE,"4. A [color=yellow][hint=extremely thin]line segment[/hint][/color] is added inside a concave pentagon, which divides the pentagon into two triangles.","4. åœ¨ä¸€ä¸ªå‡¹äº”è¾¹å½¢é‡Œæ·»åŠ ä¸€æ¡[color=yellow][hint=æç»†]çº¿æ®µ[/hint][/color]ï¼Œæ­¤æ“ä½œä½¿å¾—æ­¤äº”è¾¹å½¢è¢«åˆ†æˆä¸¤ä¸ªä¸‰è§’å½¢ã€‚"
POSSIBILITY_LOGIC_HARD_BAG_SQUIRREL,"1. A total of 5 objects are in a bag. Among the 5 objects, there are a total of 3 squirrels, and a total of 4 pieces of wood.","1. ä¸€ä¸ªè¢‹å­é‡Œå…±æœ‰5ä¸ªç‰©ä½“ï¼Œè¿™5ä¸ªç‰©ä½“ä¸­å…±æœ‰3åªæ¾é¼ ï¼Œå…±æœ‰4å—æœ¨å¤´ã€‚"
POSSIBILITY_LOGIC_HARD_BAG_WOOD,"2. A total of 5 objects are in a bag. Among the 5 objects, there are a total of 3 pieces of wood, and a total of 4 balls.","2. ä¸€ä¸ªè¢‹å­é‡Œå…±æœ‰5ä¸ªç‰©ä½“ï¼Œè¿™5ä¸ªç‰©ä½“ä¸­å…±æœ‰3å—æœ¨å¤´ï¼Œå…±æœ‰4ä¸ªçƒä½“ã€‚"
POSSIBILITY_LOGIC_HARD_BAG_MARBLE,"3. A total of 5 objects are in a bag. Among the 5 objects, there are a total of 3 balls, and a total of 4 marbles.","3. ä¸€ä¸ªè¢‹å­é‡Œå…±æœ‰5ä¸ªç‰©ä½“ï¼Œè¿™5ä¸ªç‰©ä½“ä¸­å…±æœ‰3ä¸ªçƒä½“ï¼Œå…±æœ‰4ä¸ªå¼¹ç ã€‚"
POSSIBILITY_LOGIC_HARD_GIRLFRIEND,"","æˆ‘çš„å¥³æœ‹å‹çš„ç”·æœ‹å‹ä¸æ˜¯æˆ‘æœ¬äººã€‚"
POSSIBILITY_LIES_GENERALIZED_SPEECH,"1. An event that someone else claimed to have happened didn't actually happen.","1. åˆ«äººè¯´å‘ç”Ÿäº†çš„æŸä»¶äº‹æƒ…å…¶å®æ²¡æœ‰å‘ç”Ÿã€‚"
POSSIBILITY_LIES_GENERALIZED_BOOK,"2. An event that a book claimed to have happened didn't actually happen.","2. ä¹¦ä¸Šè¯´å‘ç”Ÿäº†çš„æŸä»¶äº‹æƒ…å…¶å®æ²¡æœ‰å‘ç”Ÿã€‚"
POSSIBILITY_LIES_GENERALIZED_IMAGE,"3. The scene depicted in an image didn't actually happen.","3. æŸå¼ å›¾ç‰‡é‡Œæç»˜çš„åœºæ™¯å…¶å®æ²¡æœ‰å‘ç”Ÿã€‚"
POSSIBILITY_LIES_1_DINOSAUR,"1. Dinosaurs did not exist.","1. æé¾™ä¸å­˜åœ¨ã€‚"
POSSIBILITY_LIES_1_WORLD_WAR,"2. World War I was fought against aliens.","2. ç¬¬ä¸€æ¬¡ä¸–ç•Œå¤§æˆ˜æ˜¯è·Ÿå¤–æ˜Ÿäººæ‰“çš„ã€‚"
POSSIBILITY_LIES_1_SUN_TZU,"3. The so-called ""Newton's laws of motion"" were discovered by Galileo Galilei.","3. ã€Šå­™å­å…µæ³•ã€‹æ˜¯å­”å­å†™çš„ã€‚"
POSSIBILITY_LIES_2_MATH,"1. 1 + 1 = 3.","1. 1 + 1 = 3ã€‚"
POSSIBILITY_LIES_2_MOTHER,"2. You have never met your biological mother.","2. ä½ æœªæ›¾è§è¿‡ä½ çš„ç”Ÿæ¯ã€‚"
POSSIBILITY_LIES_2_NUCLEAR_WAR,"3. The day before yesterday, a nuclear war erupted on earth, with a death toll of over a hundred million people.","3. å‰å¤©åœ°çƒä¸Šå‘ç”Ÿäº†ä¸€æ¬¡æ ¸æˆ˜äº‰ï¼Œæ­»äº¡äººæ•°ä¸Šäº¿ã€‚"
POSSIBILITY_LIES_HARD_WEDDING,"1. Your biological father's [color=yellow][hint=could be more than one date due to divorce]wedding date(s)[/hint][/color] and your biological mother's wedding date(s) do not share a same date.","1. [color=yellow][hint=ç”±äºå­˜åœ¨ç¦»å©šï¼Œå¯ä»¥æ˜¯å¤šä¸ªæ—¥æœŸ]ä½ ç”Ÿçˆ¶çš„ç»“å©šæ—¥æœŸ[/hint][/color]ä¸ä½ ç”Ÿæ¯çš„ç»“å©šæ—¥æœŸä¸åŒ…å«åŒä¸€å¤©ã€‚"
POSSIBILITY_MEMORY_1_PIGEON_BIRTH,"1. When you were born, you saw a blue pigeon flying by.","1. ä½ å‡ºç”Ÿæ—¶çœ‹è§äº†ä¸€åªè“é¸½å­é£è¿‡ã€‚"
POSSIBILITY_MEMORY_1_PIGEON_LAST_MONTH,"2. Last month, you saw a blue pigeon flying by.","2. ä½ ä¸Šä¸ªæœˆçœ‹è§äº†ä¸€åªè“é¸½å­é£è¿‡ã€‚"
POSSIBILITY_MEMORY_1_PIGEON_DREAM,"3. Last time you slept, you dreamed of a blue pigeon flying by.","3. ä½ ä¸Šæ¬¡ç¡è§‰æ—¶æ¢¦è§äº†ä¸€åªè“é¸½å­é£è¿‡ã€‚"
POSSIBILITY_MEMORY_2_NOTE,"[center]More specifically, the rule for answering ""P"" is:\n[b]When you are reading the problem[/b],\nthe event described below is possible according to your knowledge.[/center]","[center]è¯¦ç»†æ¥è¯´ï¼Œå›ç­”""P""çš„è§„åˆ™æ˜¯ï¼š\n[b]å½“ä½ é˜…è¯»é¢˜ç›®æ—¶[/b]ï¼Œé¢˜ç›®æè¿°çš„äº‹ä»¶æ®ä½ æ‰€çŸ¥æ˜¯å¯èƒ½å‘ç”Ÿçš„ã€‚[/center]"
POSSIBILITY_MEMORY_2_PUNCH,"1. I just gave you a punch within the past 10 minutes.","1. ä½ åœ¨åˆšåˆšçš„ååˆ†é’Ÿå†…è¢«æˆ‘æ‰“äº†ä¸€æ‹³ã€‚"
POSSIBILITY_MEMORY_2_TITLE,"2. Before you entered this level this time, the title of this level shown in the map was not ""Memory 2"". It was your name and your ID number instead.","2. ä½ è¿™æ¬¡ç‚¹è¿›æœ¬å…³ä¹‹å‰ï¼Œæœ¬å…³åœ¨åœ°å›¾ä¸Šçš„æ ‡é¢˜ä¸æ˜¯â€œè®°å¿† 2â€ï¼Œè€Œæ˜¯ä½ çš„å§“åå’Œä½ çš„èº«ä»½è¯å·ã€‚"
POSSIBILITY_MEMORY_2_INPUT_OLD,"3. ","3. æœ¬å…³é‡Œä¸€ä¸ª[color=yellow][hint=é€‰æ‹©Pæˆ–NPçš„é‚£ç§æ¡†]è¾“å…¥æ¡†[/hint][/color]éƒ½æ²¡æœ‰ã€‚"
POSSIBILITY_MEMORY_2_WORD,"3. This page does not contain a single word.","3. æœ¬é¡µé¢é‡Œä¸€ä¸ªå­—éƒ½æ²¡æœ‰ã€‚"
POSSIBILITY_MEMORY_GENERALIZED_FORGET,"1. When you try to recall a perception that you experienced in the past, you couldn't recall the same perception.","1. å½“ä½ å°è¯•å›å¿†è‡ªå·±æ›¾ç»å†çš„æŸä¸€æ„ŸçŸ¥æ—¶ï¼Œå´æ— æ³•å›å¿†èµ·åŒæ ·çš„æ„ŸçŸ¥ã€‚"
POSSIBILITY_MEMORY_GENERALIZED_FORGET_OLD,"1. ","1. ä½ å¯¹ä»¥å‰æŸä¸ªæ—¶é—´çš„ä½ çš„æ„ŸçŸ¥çš„è®°å¿†ä¸å­˜åœ¨ï¼Œæˆ–ä¸ä½ é‚£æ—¶çš„æ„ŸçŸ¥ä¸ä¸€è‡´ã€‚"
POSSIBILITY_MEMORY_GENERALIZED_CURRENT,"2. Your current perception does not exist.","2. ä½ å½“å‰çš„æ„ŸçŸ¥ä¸å­˜åœ¨ã€‚"
POSSIBILITY_MEMORY_HARD_WIPE,"1. You once went to a toilet to poop and then walked away and forgot to wipe.","1. ä½ æ›¾ç»æœ‰ä¸€æ¬¡å»å•æ‰€æ‹‰å®Œå±å¿˜è®°æ“¦å°±èµ°äº†ã€‚"
POSSIBILITY_MEMORY_HARD_TIME_DIMENSION,"2. The time dimension does not exist.","2. æ—¶é—´ç»´åº¦ä¸å­˜åœ¨ã€‚"
POSSIBILITY_PATTERNS_1_SPACE_MATTER,"1. A cloud of matter is floating in space. It has flashed a hundred million times of green light consecutively. However, for the next time, it will flash red light.","1. å®‡å®™ä¸­æ¼‚æµ®ç€ä¸€å›¢ç‰©è´¨ï¼Œå®ƒå·²ç»è¿ç»­é—ªçƒäº†ä¸€äº¿æ¬¡ç»¿å…‰ã€‚ä½†æ˜¯å®ƒä¸‹ä¸€æ¬¡å°†é—ªçƒçº¢å…‰ã€‚"
POSSIBILITY_PATTERNS_2_NEWTON,"1. [color=yellow][hint=as known as F=ma, a law that describes the motion of objects]Newton's Second Law of Motion[/hint][/color] does not hold true for some situations.","1. [color=yellow][hint=å³F=maï¼Œæ˜¯æè¿°ç‰©ä½“è¿åŠ¨è§„å¾‹çš„å®šå¾‹]ç‰›é¡¿ç¬¬äºŒè¿åŠ¨å®šå¾‹[/hint][/color]å¯¹æŸäº›æƒ…å†µä¸æˆç«‹ã€‚"
POSSIBILITY_PATTERNS_2_TELEPORT,"2. A substance appears out of nowhere.","2. ä¸€ä¸ªç‰©è´¨å‡­ç©ºå‡ºç°äº†ã€‚"
POSSIBILITY_PATTERNS_2_NOT_OBJECT,"3. There is a thing that looks the same as an opaque solid cube, but when an object moves into it, the object clips through it, and neither receives resistance from the other.","3. æœ‰ä¸€ä¸ªä¸œè¥¿ï¼Œå®ƒçœ‹ä¸Šå»å’Œä¸€ä¸ªä¸é€æ˜å›ºä½“ç«‹æ–¹ä½“ä¸€æ ·ï¼Œä½†å¦ä¸€ç‰©ä½“å‘å®ƒç§»åŠ¨æ—¶å°†ç©¿è¿‡å®ƒï¼Œä¸”åŒæ–¹ä¸å—å¯¹æ–¹ç»™çš„é˜»åŠ›ã€‚"
POSSIBILITY_PATTERNS_3_DEATH,"1. After your body dies, you will continue to perceive indefinitely.","1. åœ¨ä½ çš„èº«ä½“æ­»äº¡åï¼Œä½ ä»ä¼šç»§ç»­æ„ŸçŸ¥ï¼Œæ°¸æ— æ­¢å¢ƒã€‚"
POSSIBILITY_PATTERNS_3_SENTIMENTAL,"2. All the people in the world other than you [color=yellow][hint=like you are playing a single-player game]do not have perception[/hint][/color] all along.","2. ä¸–ç•Œä¸Šé™¤ä½ ä»¥å¤–çš„å…¶ä»–äººä¸€ç›´éƒ½æ˜¯[color=yellow][hint=å°±åƒä½ åœ¨ç©å•æœºæ¸¸æˆ]æ²¡æœ‰æ„ŸçŸ¥[/hint][/color]çš„ã€‚"
POSSIBILITY_FINALE_REFERENCE_ANSWER,"1. Among the Essenceology problems that I released or will release, one or more of the [color=yellow][hint=the answer against which your submitted answer is compared by the program]reference answers[/hint][/color] that I set are wrong.","1. åœ¨æˆ‘å…¬å¸ƒçš„æœ¬è´¨å­¦é¢˜ç›®ä¸­ï¼Œæˆ‘è®¾ç½®çš„[color=yellow][hint=æŒ‡ä½ çš„ç­”æ¡ˆæäº¤åï¼Œç¨‹åºä¸ä¹‹è¿›è¡Œå¯¹æ¯”çš„ç­”æ¡ˆ]å‚è€ƒç­”æ¡ˆ[/hint][/color]æœ‰é”™ã€‚"

ALL_LIVES,All Lives,å…¨ä½“
CALCULATION,Calculation,è®¡ç®—
PROBABILITY_1,Probability 1,æ¦‚ç‡ 1
PROBABILITY_2,Probability 2,æ¦‚ç‡ 2
INDIVIDUAL,Individual,ä¸ªä½“
ANALYSIS_1,Analysis 1,åˆ†æ 1
ANALYSIS_2,Analysis 2,åˆ†æ 2
FIXED_SUM_1,Fixed Sum 1,å®šå’Œ 1
FIXED_SUM_2,Fixed Sum 2,å®šå’Œ 2
MILITARY_TRAINING,Military Training,å†›è®­
RICE,Rice,ç±³é¥­
VEGETARIAN,Vegetarian,ç´ é£Ÿ
MATCH,Match,æ¯”èµ›
COOPERATE,Cooperate,åˆä½œ
LIE,Lie,æ’’è°
SUICIDE,Suicide,è‡ªæ€
MOSQUITO,Mosquito,èšŠå­
CAKE_A,Cake A,è›‹ç³• A
CAKE_B,Cake B,è›‹ç³• B

SHOULD_INTRO_NOTE,"[center]ph[/center]","[center]åœ¨è¿™ä¸€éƒ¨åˆ†é‡Œï¼Œæ¯ä¸€é“é¢˜ä¼šç»™å‡ºæŸä¸€æƒ…å¢ƒä¸‹çš„å¤šä¸ªé€‰æ‹©ï¼Œä½ éœ€è¦é€‰å‡ºå…¶ä¸­[b]åº”è¯¥[/b]åšå‡ºçš„é€‰æ‹©ã€‚\nå…¶ä¸­ï¼Œâ€œåº”è¯¥åšå‡ºæŸé€‰æ‹©â€çš„[b]å®šä¹‰[/b]ä¸ºï¼š\nåœ¨è¿™äº›é€‰æ‹©ä¸­ï¼Œåšå‡ºè¯¥é€‰æ‹©çš„æ¡ä»¶ä¸‹æ‰€æœ‰ç”Ÿç‰©åˆ©ç›Šå€¼çš„[color=yellow][hint=ä»¥å‘ç”Ÿæ¦‚ç‡ä¸ºæƒé‡çš„å¹³å‡å€¼]æœŸæœ›[/hint][/color]æœ€å¤§ã€‚[/center]"
SHOULD_INTRO_TROLLEY,"A runaway train is heading towards a switch track. Each of the two leading tracks has some people tied to it. Beside you is a level that controls the switch. If you do nothing, the train will enter a track with  5  people tied to it. If you pull the level, the train will enter the other track with  1  people tied to it(and this action will not be prosecuted by law). You should...","ä¸€è¾†å¤±æ§çš„åˆ—è½¦æ­£å†²å‘ä¸€ä¸ªé“å²”ï¼Œé“å²”é€šå‘çš„ä¸¤ä¸ªçº¿è·¯ä¸Šéƒ½ç»‘ç€äººï¼Œè€Œä½ æ‰‹è¾¹æœ‰ä¸€ä¸ªæ§åˆ¶è¯¥é“å²”çš„æ‹‰æ†ã€‚æ­¤æ—¶ï¼Œè‹¥ä½ ä»€ä¹ˆéƒ½ä¸åšï¼Œé‚£ä¹ˆåˆ—è½¦å°†é©¶å…¥ç»‘æœ‰5äººçš„è½¨é“ï¼›è‹¥ä½ æ‹‰ä¸‹æ‹‰æ†ï¼Œé‚£ä¹ˆåˆ—è½¦ä¼šé©¶å…¥å¦ä¸€æ¡ç»‘æœ‰1äººçš„è½¨é“ï¼ˆæ­¤è¡Œä¸ºä¸ä¼šå—åˆ°æ³•å¾‹å®¡åˆ¤ï¼‰ã€‚ä½ åº”è¯¥..."
SHOULD_DO_NOTHING,"Do nothing","ä»€ä¹ˆä¹Ÿä¸åš"
SHOULD_PULL_LEVEL,"Pull the level","æ‹‰ä¸‹æ‹‰æ†"
SHOULD_ALL_LIVES_PUNCH_1,"You are quarrelling with another person. If you punch them, compared to doing nothing, you will gain an additional pleasure of value 5, and they will suffer an additional pain of value 10. You should...","ä½ å’Œå¦ä¸€ä¸ªäººåœ¨åµæ¶ã€‚å¦‚æœä½ æ‰“ä»–ä¸€æ‹³ï¼Œé‚£ä¹ˆç›¸æ¯”äºä»€ä¹ˆä¹Ÿä¸åšï¼Œä¹‹åä½ ä¼šé¢å¤–è·å¾—å€¼ä¸º5çš„æ„‰æ‚¦ï¼Œä»–ä¼šé¢å¤–è·å¾—å€¼ä¸º10çš„ç—›è‹¦ã€‚ä½ åº”è¯¥..."
SHOULD_ALL_LIVES_PUNCH,"Punch them","æ‰“ä»–ä¸€æ‹³"
SHOULD_ALL_LIVES_PUNCH_2,"You are quarrelling with another person. If you punch them, compared to doing nothing, you will gain an additional pleasure of value 50, and they will suffer an additional pain of value 10. You should...","ä½ å’Œå¦ä¸€ä¸ªäººåœ¨åµæ¶ã€‚å¦‚æœä½ æ‰“ä»–ä¸€æ‹³ï¼Œé‚£ä¹ˆç›¸æ¯”äºä»€ä¹ˆä¹Ÿä¸åšï¼Œä¹‹åä½ ä¼šé¢å¤–è·å¾—å€¼ä¸º50çš„æ„‰æ‚¦ï¼Œä»–ä¼šé¢å¤–è·å¾—å€¼ä¸º10çš„ç—›è‹¦ã€‚ä½ åº”è¯¥..."
SHOULD_INDIVIDUAL_TROLLEY_1,"In the scenario of the intro problem, a passerby A approaches. A does not know that there are 5 people tied to the first track, but aside of that, A knows everything given in the intro problem. Based on the information A knows, A should...","åœ¨å¼•è¨€é¢˜ç›®çš„æƒ…å¢ƒä¸‹ï¼Œæ—è¾¹åˆæ¥äº†ä¸€ä¸ªè·¯äººAã€‚Aä¸çŸ¥é“ç¬¬ä¸€æ¡çº¿è·¯ä¸Šç»‘ç€5ä¸ªäººï¼Œé™¤æ­¤ä¹‹å¤–AçŸ¥æ™“å¼•è¨€é¢˜ç›®ä¸­æ‰€ç»™çš„ä¸€åˆ‡ä¿¡æ¯ã€‚åœ¨Aå·²çŸ¥æ™“çš„ä¿¡æ¯ä¸‹ï¼ŒAåº”è¯¥..."
SHOULD_INDIVIDUAL_TROLLEY_2,"In the scenario of the intro problem, a passerby B approaches. B knows everything given in the intro problem, and B also knows that there isn't just 1 people tied on the second track, but an extra 9 people as well. Based on the information B knows, B should...","åœ¨å¼•è¨€é¢˜ç›®çš„æƒ…å¢ƒä¸‹ï¼Œæ—è¾¹åˆæ¥äº†ä¸€ä¸ªè·¯äººBã€‚BçŸ¥æ™“å¼•è¨€é¢˜ç›®ä¸­æ‰€ç»™çš„ä¸€åˆ‡ä¿¡æ¯ï¼Œä¸”BçŸ¥é“ç¬¬äºŒæ¡çº¿è·¯ä¸Šä¸ä»…ä»…ç»‘äº†1ä¸ªäººï¼Œè¿˜ç»‘äº†é¢å¤–9ä¸ªäººã€‚åœ¨Bå·²çŸ¥æ™“çš„ä¿¡æ¯ä¸‹ï¼ŒBåº”è¯¥..."
SHOULD_CALCULATION_BUTTON,"In front of you is a red button. If you press it, you have a 60% chance to experience a pleasure with a  value of 5, and another 40% chance to experience a pain with a value of 10. You should...","ä½ é¢å‰æœ‰ä¸€ä¸ªçº¢è‰²æŒ‰é’®ã€‚è‹¥ä½ æŒ‰ä¸‹å®ƒï¼Œé‚£ä¹ˆä½ æœ‰60%çš„æ¦‚ç‡è·å¾—å€¼ä¸º5çš„æ„‰æ‚¦ï¼Œä»¥åŠå¦å¤–40%çš„æ¦‚ç‡è·å¾—å€¼ä¸º10çš„ç—›è‹¦ã€‚ä½ åº”è¯¥..."
SHOULD_CALCULATION_BUTTON_PRESS,"Press the button"," æŒ‰ä¸‹æ­¤æŒ‰é’®"
SHOULD_CALCULATION_CARDS,"There is a stack of three poker cards with values of 5, 7, and 9 respectively. After some time, someone will randomly draw one card from this stack, and you will gain a pleasure equal to the value of the drawn card. Now you should...","æœ‰ä¸€å æ‰‘å…‹ç‰Œï¼Œå…±3å¼ ï¼Œå…¶ç‚¹æ•°åˆ†åˆ«ä¸º5ã€7ã€9ã€‚ä¸€æ®µæ—¶é—´åï¼Œå°†ä¼šæœ‰ä¸€ä¸ªäººä»è¿™å æ‰‘å…‹ç‰Œä¸­éšæœºæŠ½å–ä¸€å¼ ï¼Œç„¶åä½ ä¼šè·å¾—ä¸æ‰€æŠ½ç‚¹æ•°ç­‰å€¼çš„æ„‰æ‚¦ã€‚ä½ ç°åœ¨åº”è¯¥..."
SHOULD_CALCULATION_CARDS_REMOVE,"Remove the card with a value of 5 from the stack","ä»è¿™å æ‰‘å…‹ç‰Œä¸­ç§»é™¤ç‚¹æ•°ä¸º5çš„ä¸€å¼ "
SHOULD_CALCULATION_CARDS_ADD,"Add a card with a value of 3 to the stack","å‘è¿™å æ‰‘å…‹ç‰Œä¸­åŠ å…¥ç‚¹æ•°ä¸º3çš„ä¸€å¼ "
SHOULD_PROBABILITY_1_GOLF_1,"In the last 8 days, the rainfall situation in location A, in chronological order, has been: [color=yellow][hint=None]N[/hint][/color]NN[color=yellow][hint=Yes]Y[/hint][/color]YYYY. In the last 8 days, the rainfall situation in location B, in chronological order, has been: NNYNNNNY. Today, you need to play outdoor golf. You should...","Aåœ°å‰8å¤©çš„ä¸‹é›¨æƒ…å†µä»¥æ—¶é—´å…ˆåé¡ºåºæ’åˆ—æ˜¯ï¼šæ— æ— æ— æœ‰æœ‰æœ‰æœ‰æœ‰ï¼›Båœ°å‰8å¤©çš„ä¸‹é›¨æƒ…å†µä»¥æ—¶é—´å…ˆåé¡ºåºæ’åˆ—æ˜¯ï¼šæ— æ— æœ‰æ— æ— æ— æ— æœ‰ã€‚ä»Šå¤©ä½ éœ€è¦å»æ‰“éœ²å¤©é«˜å°”å¤«ï¼Œä½ åº”è¯¥..."
SHOULD_PLAY_AT_A,"Play outdoor golf at A","å»Aåœ°æ‰“éœ²å¤©é«˜å°”å¤«"
SHOULD_PLAY_AT_B,"Play outdoor golf at B","å»Båœ°æ‰“éœ²å¤©é«˜å°”å¤«"
SHOULD_PROBABILITY_1_GOLF_2,"In the last 8 days, the rainfall situation in location A, in chronological order, has been: NNNYYYYY. In the last 8 days, the rainfall situation in location B, in chronological order, has been: YYYNYNNY. Today, you need to play outdoor golf. You should...","Aåœ°å‰8å¤©çš„ä¸‹é›¨æƒ…å†µä»¥æ—¶é—´å…ˆåé¡ºåºæ’åˆ—æ˜¯ï¼šæ— æ— æ— æœ‰æœ‰æœ‰æœ‰æœ‰ï¼›Båœ°å‰8å¤©çš„ä¸‹é›¨æƒ…å†µä»¥æ—¶é—´å…ˆåé¡ºåºæ’åˆ—æ˜¯ï¼šæœ‰æœ‰æœ‰æ— æœ‰æ— æ— æœ‰ã€‚ä»Šå¤©ä½ éœ€è¦å»æ‰“éœ²å¤©é«˜å°”å¤«ï¼Œä½ åº”è¯¥..."
SHOULD_PROBABILITY_2_GOLF_1,"In the last 8 days, the rainfall situation in location A, in chronological order, has been: YYYYYYYY. The probability of having a rainfall in location B is 100%. Today, you need to play outdoor golf. You should...","Aåœ°å‰8å¤©çš„ä¸‹é›¨æƒ…å†µä»¥æ—¶é—´å…ˆåé¡ºåºæ’åˆ—æ˜¯ï¼šæœ‰æœ‰æœ‰æœ‰æœ‰æœ‰æœ‰æœ‰ï¼›Båœ°ä»Šå¤©ä¸‹é›¨æ¦‚ç‡ä¸º100%ã€‚ä»Šå¤©ä½ éœ€è¦å»æ‰“éœ²å¤©é«˜å°”å¤«ï¼Œä½ åº”è¯¥..."
SHOULD_PROBABILITY_2_GOLF_2,"In the last 8 days, the rainfall situation in location A, in chronological order, has been: NNYYYYYY. The probability of having a rainfall in location B is 75%. Today, you need to play outdoor golf. You should...","Aåœ°å‰8å¤©çš„ä¸‹é›¨æƒ…å†µä»¥æ—¶é—´å…ˆåé¡ºåºæ’åˆ—æ˜¯ï¼šæ— æ— æœ‰æœ‰æœ‰æœ‰æœ‰æœ‰ï¼›Båœ°ä»Šå¤©ä¸‹é›¨æ¦‚ç‡ä¸º75%ã€‚ä»Šå¤©ä½ éœ€è¦å»æ‰“éœ²å¤©é«˜å°”å¤«ï¼Œä½ åº”è¯¥..."
SHOULD_ANALYSIS_1_WIPE,"You need to wipe some oil off your mouth and some sweat off your butt, but you only have one tissue. You should...","ä½ éœ€è¦æ“¦å˜´ä¸Šçš„æ²¹å’Œå±è‚¡ä¸Šçš„æ±—ï¼Œä½†ä½ åªæœ‰ä¸€å¼ æŠ½çº¸ã€‚ä½ åº”è¯¥..."
SHOULD_ANALYSIS_1_WIPE_MOUTH_FIRST,"Wipe your mouth first, then fold the tissue and wipe your butt","å…ˆæ“¦å˜´ï¼ŒæŠ˜ä¸€ä¸‹æŠ½çº¸ï¼Œå†æ“¦å±è‚¡"
SHOULD_ANALYSIS_1_WIPE_BUTT_FIRST,"Wipe your butt first, then fold the tissue and wipe your mouth","å…ˆæ“¦å±è‚¡ï¼ŒæŠ˜ä¸€ä¸‹æŠ½çº¸ï¼Œå†æ“¦å˜´"
SHOULD_ANALYSIS_1_GRID,"You are on a platform. At the upper surface of the platform, there are 12 locations distributed in a [color=yellow][hint=3 rows, 4 columns]4x3 matrix[/hint][/color]. The distance between two horizontally adjacent locations is 200 meters, and the distance between two vertically adjacent locations is 100 meters. You are at the leftmost location in the first row, and you need to visit each location once. You should... (you move along the shortest path between locations)","ä½ åœ¨ä¸€ä¸ªå¹³å°ä¸Šï¼Œå¹³å°ä¸Šè¡¨é¢å¤„æœ‰12ä¸ªåœ°ç‚¹ä»¥[color=yellow][hint=3è¡Œ4åˆ—]4x3çš„çŸ©é˜µçŠ¶[/hint][/color]åˆ†å¸ƒï¼Œæ¨ªå‘ç›¸é‚»ä¸¤ç‚¹é—´è·200ç±³ï¼Œçºµå‘ç›¸é‚»é—´è·100ç±³ã€‚ä½ åœ¨ç¬¬ä¸€è¡Œæœ€å·¦çš„åœ°ç‚¹å¤„ï¼Œä½ éœ€è¦åˆ°è¾¾æ¯ä¸ªåœ°ç‚¹å„ä¸€æ¬¡ã€‚ä½ åº”è¯¥...ï¼ˆåœ¨åœ°ç‚¹é—´ç§»åŠ¨æ—¶èµ°æœ€çŸ­è·¯å¾„ï¼‰"
SHOULD_ANALYSIS_1_GRID_HORIZONTAL_FIRST,"First traverse the 1st row from left to right, then traverse the 2nd row from right to left, then traverse the 3rd row from left to right","å…ˆä»å·¦è‡³å³éå†ç¬¬1è¡Œï¼Œå†ä»å³è‡³å·¦éå†ç¬¬2è¡Œï¼Œå†ä»å·¦è‡³å³éå†ç¬¬3è¡Œ"
SHOULD_ANALYSIS_1_GRID_VERTICAL_FIRST,"First traverse the 1st column from front to back, then traverse the 2nd column from back to front, then traverse the 3rd column from front to back, then traverse the 4th column from back to front","å…ˆä»å‰è‡³åéå†ç¬¬1åˆ—ï¼Œå†ä»åè‡³å‰éå†ç¬¬2åˆ—ï¼Œå†ä»å‰è‡³åéå†ç¬¬3åˆ—ï¼Œå†ä»åè‡³å‰éå†ç¬¬4åˆ—"
SHOULD_ANALYSIS_2_CLOTHES,"20 clothes on the drying rack are all dry, and you need to collect them. The process is: you take a piece of clothing with yout right hand and place it on your left hand, repeating this for each piece of clothing. Finally, you leave and place the stack of clothes in your left hand somewhere else. You should...","æ™¾è¡£æ¶ä¸Šçš„äºŒåä»¶è¡£æœéƒ½å¹²äº†ï¼Œä½ éœ€è¦æŠŠå®ƒä»¬æ”¶èµ·æ¥ã€‚ä½ æ”¶è¡£æœçš„æµç¨‹æ˜¯ï¼šå³æ‰‹å–è¡£æœï¼Œæ”¾åˆ°å·¦æ‰‹ä¸Šï¼Œä¾æ¬¡å¯¹æ¯ä»¶è¡£æœæ‰§è¡Œä¸Šè¿°æ“ä½œï¼Œæœ€åç¦»å¼€ï¼Œç„¶åæŠŠå·¦æ‰‹ä¸Šä¸€å è¡£æœæ”¾åˆ°æŸå¤„ã€‚ä½ åº”è¯¥..."
SHOULD_ANALYSIS_2_CLOTHES_LIGHT_FIRST,"Collect the clothes in order from lightest to heaviest","æŒ‰ä»è½»åˆ°é‡çš„é¡ºåºæ”¶è¡£æœ"
SHOULD_ANALYSIS_2_CLOTHES_HEAVY_FIRST,"Collect the clothes in order from heaviest to lightest","æŒ‰ä»é‡åˆ°è½»çš„é¡ºåºæ”¶è¡£æœ"
SHOULD_ANALYSIS_2_SPECIALIZATION,"(placeholder, subject to change)A high school student is about to choose a specialization. They should...","ï¼ˆå ä½ï¼Œå¯èƒ½è¦æ¢é¢˜ï¼‰ä¸€ä¸ªé«˜ä¸€å­¦ç”Ÿå³å°†åˆ†ç§‘ã€‚ä»–åº”è¯¥..."
SHOULD_ANALYSIS_2_SPECIALIZATION_LIBERAL_ARTS,"Choose liberal arts","é€‰æ–‡ç§‘"
SHOULD_ANALYSIS_2_SPECIALIZATION_SCIENCE,"Choose science","é€‰ç†ç§‘"
SHOULD_ANALYSIS_HARD_METRO,"You need to take the subway to a certain place. There are two subway routes that go from here to there: one takes a long time but is very crowded, and the other takes a short time but is not crowded at all. It is known that regardless of which route you choose, the expected value of your benefit is the same. You should...","ä½ éœ€è¦ååœ°é“å»æŸåœ°ã€‚æœ‰ä¸¤æ¡åœ°é“è·¯çº¿ä»è¿™é‡Œé€šè¿‡å»ï¼Œä¸€ç§è€—æ—¶çŸ­ä½†å¾ˆæŒ¤ï¼Œå¦ä¸€ç§è€—æ—¶é•¿ä½†ä¸€ç‚¹ä¹Ÿä¸æŒ¤ã€‚å·²çŸ¥æ— è®ºé€‰æ‹©å“ªæ¡è·¯çº¿ï¼Œä½ çš„åˆ©ç›Šå€¼çš„æœŸæœ›éƒ½ä¸€æ ·ã€‚ä½ åº”è¯¥..."
SHOULD_ANALYSIS_HARD_METRO_SHORT_BUT_CROWDED,"Take the route which takes a short time but is very crowded","ä¹˜åè€—æ—¶çŸ­ä½†å¾ˆæŒ¤çš„è·¯çº¿"
SHOULD_ANALYSIS_HARD_METRO_LONG_BUT_SPARSE,"Take the route which takes a long time but is not crowded at all","ä¹˜åè€—æ—¶é•¿ä½†ä¸€ç‚¹ä¹Ÿä¸æŒ¤çš„è·¯çº¿"
SHOULD_ANALYSIS_HARD_ESCALATOR,"Class is about to start, and you need to get to the classroom before the class begins. You are currently in an underground passage, and the route to the classroom from here involves an upward escalator followed by a flat path. You can't walk the entire route continuously, as you'll need to stop and rest for 10 seconds midway. You should...","å¿«ä¸Šè¯¾äº†ï¼Œä½ éœ€è¦åœ¨ä¸Šè¯¾å‰èµ°åˆ°æ•™å®¤ã€‚ä½ å½“å‰åœ¨ä¸€æ¡åœ°ä¸‹é€šé“é‡Œï¼Œä»è¿™é‡Œåˆ°æ•™å®¤çš„è·¯çº¿æ˜¯ä¸€æ®µä¸Šå‡çš„è‡ªåŠ¨æ‰¶æ¢¯åŠ ä¸Šä¸€æ®µå¹³è·¯ã€‚ä½ æ— æ³•å…¨ç¨‹ä¸€ç›´è¡Œèµ°ï¼Œä¸­é€”éœ€è¦ç«‹å®šæ­‡10ç§’ã€‚ä½ åº”è¯¥..."
SHOULD_ANALYSIS_HARD_ESCALATOR_REST_ON_ESCALATOR,"Rest for 10 seconds on the escalator","ç«™åœ¨æ‰¶æ¢¯ä¸Šæ­‡10ç§’"
SHOULD_ANALYSIS_HARD_ESCALATOR_REST_ON_ROAD,"Rest for 10 seconds on the flat path","ç«™åœ¨å¹³è·¯ä¸Šæ­‡10ç§’"
SHOULD_FIXED_SUM_1_SCRAMBLE,"A crowd of people is scrambling for a free item. You should...","æœ‰ä¸€ç¾¤äººåœ¨äº‰æŠ¢ä¸€ä¸ªå…è´¹çš„ä¸œè¥¿ï¼Œä½ åº”è¯¥..."
SHOULD_FIXED_SUM_1_SCRAMBLE_JOIN,"Join the scramble","åŠ å…¥è¿™åœºäº‰æŠ¢"
SHOULD_FIXED_SUM_1_SCRAMBLE_DONT_JOIN,"Don't join the scramble","ä¸åŠ å…¥è¿™åœºäº‰æŠ¢"
SHOULD_FIXED_SUM_1_QUEUE,"You are sitting on a bench. You need to handle some business at a nearby window, but there are about 50 people standing in line at the window. You should...","ä½ ååœ¨åº§æ¤…ä¸Šã€‚ä½ éœ€è¦åœ¨æ—è¾¹æŸä¸€çª—å£å¤„åŠç†äº‹åŠ¡ï¼Œä½†æ˜¯è¯¥çª—å£æœ‰çº¦50ä¸ªäººåœ¨ç«™ç€æ’é˜Ÿã€‚ä½ å½“å‰åº”è¯¥..."
SHOULD_FIXED_SUM_1_QUEUE_GO,"Go stand in line","å»æ’é˜Ÿ"
SHOULD_FIXED_SUM_1_QUEUE_STAY,"Keep sitting","ç»§ç»­åç€"
SHOULD_FIXED_SUM_2_GAOKAO,"The college entrance examination may test the years of certain historical events. Someone is a candidate for this examination. They should...","é«˜è€ƒå¯èƒ½ä¼šè€ƒæŸäº›å†å²äº‹ä»¶çš„å¹´ä»½æ˜¯å¤šå°‘ã€‚æŸäººæ˜¯ä¸€ä¸ªé«˜è€ƒè€ƒç”Ÿï¼Œä»–åº”è¯¥..."
SHOULD_FIXED_SUM_2_GAOKAO_MEMORIZE,"","èŠ±æ—¶é—´èƒŒè¿™äº›ä¸œè¥¿"
SHOULD_FIXED_SUM_2_GAOKAO_DONT_MEMORIZE,"","ä¸èŠ±æ—¶é—´èƒŒè¿™äº›ä¸œè¥¿"
SHOULD_FIXED_SUM_2_CURRENCY,"A bag of candy and a stack of cash (100 one-hundred-dollar bills) are about to be destroyed, and you can only save one of the two.","ä¸€è¢‹ç³–æœå’Œä¸€å é’ç¥¨ï¼ˆ100å¼ ç™¾å…ƒäººæ°‘å¸ï¼‰è¦è¢«é”€æ¯äº†ï¼Œä½ åªèƒ½æŒ½æ•‘ä¸¤è€…ä¸­çš„ä¸€ä¸ªã€‚ä½ åº”è¯¥..."
SHOULD_FIXED_SUM_2_CURRENCY_SAVE_CANDIES,"Save the candies","æŒ½æ•‘è¿™è¢‹ç³–æœ"
SHOULD_FIXED_SUM_2_CURRENCY_SAVE_CASH,"Save the cash","æŒ½æ•‘è¿™å é’ç¥¨"
SHOULD_MILITARY_TRAINING_NOTE,"[center]In the following section, you need to answer the [color=yellow][hint=relative to not making the choice]good and bad[/hint][/color] aspects\nof making the given choice under the given scenario.\nThe good aspects to be answered are in the left column,\nand the bad aspects to be answered (none in this question) are in the right column.\nWhen answering, [color=yellow][hint=unless I omitted one or more when setting them. In this case, try other synonyms.][b]any[/b][/hint][/color] commonly used word with the right meaning will be automatically accepted.\nFor example, in this problem, you need to type in this window any word that means [b]pain[/b].\nHowever, the input field for each problem has a character limit, and words that are too vague will not be accepted.[/center]","[center]åœ¨æ¥ä¸‹æ¥çš„è¿™éƒ¨åˆ†ï¼Œä½ éœ€è¦æ ¹æ®æ‰€ç»™æƒ…å¢ƒï¼Œå›ç­”åšå‡ºæ‰€ç»™é€‰æ‹©çš„[color=yellow][hint=ç›¸æ¯”äºä¸åšå‡ºè¯¥é€‰æ‹©]å¥½ä¸å[/hint][/color]çš„æ–¹é¢ã€‚\néœ€å›ç­”çš„å¥½çš„æ–¹é¢åœ¨å·¦è¾¹ä¸€åˆ—ï¼›éœ€å›ç­”çš„åçš„æ–¹é¢ï¼ˆæœ¬é¢˜æ²¡æœ‰ï¼‰åœ¨å³è¾¹ä¸€åˆ—ã€‚\nå›ç­”æ—¶ï¼Œæ„æ€æ­£ç¡®çš„[color=yellow][hint=é™¤éæˆ‘åœ¨å½•å…¥æ—¶æœ‰é—æ¼ã€‚åœ¨è¿™ç§æƒ…å†µä¸‹ï¼Œè¯•è¯•å…¶å®ƒè¿‘ä¹‰è¯ã€‚][b]ä»»æ„[/b][/hint][/color]å¸¸ç”¨è¯è¯­éƒ½ä¼šè¢«è‡ªåŠ¨æ¥å—ã€‚\nä¾‹å¦‚ï¼Œåœ¨æœ¬é¢˜ä¸­ï¼Œä½ éœ€è¦åˆ‡æ¢åˆ°ä¸­æ–‡è¾“å…¥æ³•ï¼Œç›´æ¥åœ¨æœ¬çª—å£è¾“å…¥ä»»æ„ä¸€ä¸ªå«ä¹‰çº¦ä¸º[b]ç—›è‹¦[/b]çš„è¯è¯­ã€‚\nä½†æ˜¯ï¼Œæ¯é“é¢˜ç›®çš„è¾“å…¥æ¡†éƒ½æœ‰ä¸€ä¸ªé•¿åº¦ä¸Šé™ï¼Œä¸”è¿‡äºç¬¼ç»Ÿçš„è¯è¯­ä¸ä¼šè¢«æ¥å—ã€‚[/center]"
SHOULD_MILITARY_TRAINING,"Should the torturous activities in military training, such as standing at attention, be abolished?","å†›è®­ä¸­çš„ç«™å†›å§¿ç­‰æŠ˜ç£¨ç¯èŠ‚åº”è¯¥è¢«åºŸé™¤å—ï¼Ÿ"
SHOULD_MILITARY_TRAINING_PAIN,"[color=yellow][hint=When going through torturous exercises, the body usually feels very sore and painful.]Pain[/hint][/color]","[color=yellow][hint=è¿›è¡ŒæŠ˜ç£¨ç¯èŠ‚æ—¶ï¼Œèº«ä½“ä¸€èˆ¬ä¼šå¾ˆé…¸ç—›ã€‚]ç—›è‹¦[/hint][/color]"
SHOULD_RICE_NOTE,"Some problems do not require you to answer all the given aspects;\nThe level is completed once the progress bar below is coompletely filled.\nThe more important your answered aspect is, the more the progress bar will increase.","æŸäº›é—®é¢˜ä¸éœ€è¦ä½ å›ç­”å‡ºæ‰€ç»™çš„å…¨éƒ¨æ–¹é¢ï¼Œä¸‹æ–¹çš„è¿›åº¦æ¡å¡«æ»¡åå³è¿‡å…³ã€‚\nå›ç­”çš„æ–¹é¢è¶Šä¸»è¦ï¼Œè¿›åº¦æ¡å¢åŠ é‡è¶Šå¤§ã€‚"
SHOULD_RICE,"After you have finished eating your bowl of rice, a few grains of rice remain stuck to the bowl. Should you eat them up using chopsticks?","ä½ åƒå®Œä¸€ç¢—é¥­åï¼Œç¢—é‡Œè¿˜ç²˜ç€é›¶æ˜Ÿçš„å‡ ç²’ç±³ç²’ã€‚ä½ åº”è¯¥ç”¨ç­·å­æŠŠè¿™äº›ç±³ç²’åƒæ‰å—ï¼Ÿ"
SHOULD_RICE_CONSERVE,"[color=yellow][hint=After eating these rice, your need for food will slightly decrease, so less food will need to be made for you later.]Conserve[/hint][/color]","[color=yellow][hint=åƒäº†è¿™äº›ç±³åï¼Œä½ å¯¹é£Ÿç‰©çš„éœ€æ±‚å°±å°‘äº†ä¸€ç‚¹ï¼Œä¹‹åå°±å°‘ä¸€ç‚¹éœ€è¦åˆ¶ä½œé£Ÿç‰©ç»™ä½ åƒã€‚]èŠ‚çº¦[/hint][/color]"
SHOULD_RICE_WASH,"[color=yellow][hint=After finishing these few grains of rice, the person washing the dishes might find it easier, if the they are to be washed by hand.]Wash[/hint][/color]","[color=yellow][hint=åƒå®Œè¿™å‡ ç²’ç±³åï¼Œå¦‚æœæ˜¯äººå·¥æ´—ç¢—ï¼Œé‚£ä¹ˆæ´—ç¢—çš„äººä¼°è®¡è½»æ¾ä¸€äº›ã€‚]æ¸…æ´—[/hint][/color]"
SHOULD_RICE_TIME,"[color=yellow][hint=It takes some time to pick up these rice.]Time[/hint][/color]","[color=yellow][hint=å¤¹è¿™å‡ ç²’ç±³è¦èŠ±ä¸€æ®µæ—¶é—´ã€‚]è€—æ—¶[/hint][/color]"
SHOULD_VEGETARIAN_NOTE,"The aspects given are just some major ones and\ndo not necessarily cover all aspects.","æ‰€ç»™å‡ºçš„æ–¹é¢åªæ˜¯ä¸€äº›ä¸»è¦æ–¹é¢ï¼Œå¹¶ä¸ä¸€å®šæ˜¯å…¨éƒ¨æ–¹é¢ã€‚"
SHOULD_VEGETARIAN,"There will be a feast in a few days, and now you need to order the ingredients from the farm. You can either order only vegetables, or order both vegetables and meat. Should you order only vegetables?","å‡ å¤©åä¼šæœ‰ä¸€åœºç››å®´ï¼Œä½ ç°åœ¨éœ€è¦ä»å†œåœºè®¢è´­å…¶é£Ÿæã€‚ä½ è¦ä¹ˆåªè®¢è´­è”¬èœï¼Œè¦ä¹ˆæ—¢è®¢è´­è”¬èœåˆè®¢è´­è‚‰ã€‚ä½ åº”è¯¥åªè®¢è´­è”¬èœå—ï¼Ÿ"
SHOULD_VEGETARIAN_PAIN,"[color=yellow][hint=If you order meat, then the farm will slaughter more animals on average, causing more pain to the animals, if euthanasia is not used.]Pain[/hint][/color]","[color=yellow][hint=è‹¥ä½ è®¢è´­è¤èœï¼Œé‚£ä¹ˆå†œåœºå¹³å‡è¦å± æ€æ›´å¤šçš„åŠ¨ç‰©ï¼Œç»™åŠ¨ç‰©é€ æˆæ›´å¤šç—›è‹¦ï¼ˆè‹¥æ²¡æœ‰é‡‡ç”¨å®‰ä¹æ­»ï¼‰ã€‚]ç—›è‹¦[/hint][/color]"
SHOULD_VEGETARIAN_TASTY,"[color=yellow][hint=If there are only vegetables, it's easier to get tired of eating them.]Tasty[/hint][/color]","[color=yellow][hint=è‹¥åªæœ‰ç´ èœï¼Œæ›´å®¹æ˜“åƒè…»ã€‚]å¥½åƒ[/hint][/color]"
SHOULD_MATCH,"Your team is playing a soccer match against another team, and the temperature is very high. Should you do your best to play the match?","ä½ æ‰€åœ¨çš„é˜Ÿä¼æ­£åœ¨å’Œå¦ä¸€æ”¯é˜Ÿä¼è¸¢è¶³çƒæ¯”èµ›ï¼Œä¸”è¿™é‡Œç¯å¢ƒå¾ˆçƒ­ã€‚ä½ åº”è¯¥å°½åŠ›è¸¢å—ï¼Ÿ"
SHOULD_MATCH_FUN,"[color=yellow][hint=Generally, a match is more fun when both teams do their best to compete against each other.]Fun[/hint][/color]","[color=yellow][hint=ä¸€èˆ¬æ¥è¯´ï¼ŒåŒæ–¹å°½åŠ›å¯¹æŠ—ï¼Œæ¯”èµ›æ‰æœ‰è¶£ã€‚]è¶£å‘³[/hint][/color]"
SHOULD_MATCH_EFFORT,"[color=yellow][hint=Doing your best to play soccer is usually very tiring.]Effort[/hint][/color]","[color=yellow][hint=å°½åŠ›è¸¢ä¸€èˆ¬ä¼šå¾ˆç´¯ã€‚]è€—åŠ›[/hint][/color]"
SHOULD_COOPERATE,"A game software needs to be made. The game can either be created by one person alone or multiple people cooperating together. Should multiple people cooperate together to make this game?","ç°åœ¨éœ€è¦åˆ¶ä½œä¸€ä¸ªæ¸¸æˆè½¯ä»¶ã€‚è¿™ä¸ªæ¸¸æˆè¦ä¹ˆä»…ç”±ä¸€ä¸ªäººåˆ¶ä½œï¼Œè¦ä¹ˆç”±å¤šä¸ªäººåˆä½œåˆ¶ä½œã€‚åº”è¯¥åˆä½œåˆ¶ä½œè¿™ä¸ªæ¸¸æˆå—ï¼Ÿ"
SHOULD_COOPERATE_COMPLEMENT,"[color=yellow][hint=When cooperating, a part that one person is not good at can be assigned to another person, allowing their skills to complement each other.]Complement[/hint][/color]","[color=yellow][hint=åˆä½œæ—¶ï¼Œä¸€äººä¸æ“…é•¿çš„éƒ¨åˆ†å·¥ä½œå¯ä»¥åˆ†é…ç»™å¦ä¸€äººå¹²ï¼Œä¸¤äººæŠ€èƒ½ç›¸äº’å¼¥è¡¥ã€‚]äº’è¡¥[/hint][/color]"
SHOULD_COOPERATE_COMMUNICATE,"[color=yellow][hint=Cooperation requires effort in communication, because without communication,\nit is difficult for each person to know how others are doing, and this is what needs to be known during cooperation.]Communicate[/hint][/color]","[color=yellow][hint=åˆä½œæ—¶éœ€è¦èŠ±å·¥å¤«äº¤æµã€‚å› ä¸ºè‹¥ä¸äº¤æµï¼Œé‚£ä¹ˆå„äººéš¾ä»¥çŸ¥é“å…¶ä»–äººåˆ¶ä½œçš„æ€ä¹ˆæ ·ï¼Œè€Œè¿™æ˜¯åˆä½œæ—¶æ‰€éœ€è¦çŸ¥é“çš„ã€‚]äº¤æµ[/hint][/color]"
SHOULD_LIE,"In high school, the teacher is asking you why you haven't handed in your homework. You didn't do the homework last night. You either lie and say you forgot to bring it, or tell the truth that you didn't do it. Should you lie?","åœ¨é«˜ä¸­ï¼Œè€å¸ˆæ­£é—®ä½ ä¸ºä»€ä¹ˆæ²¡äº¤ä½œä¸šã€‚ä½ æ˜¨æ™šå¹¶æ²¡æœ‰åšè¿™é—¨ä½œä¸šã€‚ä½ è¦ä¹ˆæ’’è°ä½œä¸šå¿˜å¸¦äº†ï¼Œè¦ä¹ˆå¦‚å®å›ç­”ä½œä¸šæ²¡åšã€‚ä½ åº”è¯¥æ’’è°å—ï¼Ÿ"
SHOULD_LIE_ANGER,"[color=yellow][hint=If the teacher finds out that you didn't do your homework, then they are likely to get angry, and you are likely to get scolded.]Anger[/hint][/color]","[color=yellow][hint=è‹¥è€å¸ˆçŸ¥é“äº†ä½ æ²¡åšä½œä¸šï¼Œè€å¸ˆå¾ˆå¯èƒ½ä¼šç”Ÿæ°”ï¼Œè€Œä½ å¾ˆå¯èƒ½ä¼šæŒ¨éª‚ã€‚]ç”Ÿæ°”[/hint][/color]"
SHOULD_LIE_EXPOSED,"[color=yellow][hint=If the lie is exposed, then the teacher is likely to get very angry, and their trust in you is likely to decrease.]Exposed[/hint][/color]","[color=yellow][hint=è‹¥è°è¨€è¢«æ­ç©¿ï¼Œé‚£ä¹ˆè€å¸ˆå¾ˆå¯èƒ½ä¼šå¾ˆç”Ÿæ°”ï¼›è€å¸ˆå¯¹ä½ çš„ä¿¡ä»»ç¨‹åº¦ä¹Ÿå¾ˆå¯èƒ½ä¼šä¸‹é™ã€‚]æ­ç©¿[/hint][/color]"
SHOULD_SUICIDE,"There is a person standing at the edge of the top of a high building wanting to commit suicide, and you are nearby. Should you pull them back?","æœ‰ä¸ªäººç«™åœ¨é«˜æ¥¼æ¥¼é¡¶è¾¹ç¼˜æƒ³è¦è‡ªæ€ã€‚ä½ åœ¨æ—è¾¹ï¼Œä½ åº”è¯¥æŠŠä»–æ‹‰å›æ¥å—ï¼Ÿ"
SHOULD_SUICIDE_PAIN,"[color=yellow][hint=He may experience a breif intense pain upon landing.]Pain[/hint][/color]","[color=yellow][hint=ä»–è½åœ°åå¯èƒ½ä¼šæœ‰çŸ­æš‚çš„å‰§ç—›ã€‚]ç—›è‹¦[/hint][/color]"
SHOULD_SUICIDE_FAMILY,"[color=yellow][hint=If they die, his family members and friends are likely to be sad.]Family[/hint][/color]","[color=yellow][hint=å¦‚æœä»–æ­»äº†ï¼Œé‚£ä¹ˆä»–çš„å®¶äººå’Œæœ‹å‹å¾ˆå¯èƒ½ä¼šä¼¤å¿ƒã€‚]å®¶åº­[/hint][/color]"
SHOULD_SUICIDE_KNOWLEDGE,"[color=yellow][hint=He knows his own experiences better than you do, so his choice is more likely to be the right one.]Knowledge[/hint][/color]","[color=yellow][hint=ä»–æ¯”ä½ æ›´æ¸…æ¥šä»–è‡ªå·±çš„ç»å†ï¼Œå› æ­¤ä»–çš„é€‰æ‹©æ›´å¯èƒ½æ˜¯æ­£ç¡®çš„ã€‚]è‡ªçŸ¥[/hint][/color]"
SHOULD_MOSQUITO,"You were just bitten by a mosquito. It is now flying around you. Should you swat and kill it?","åˆšæ‰æœ‰åªèšŠå­å®äº†ä½ ä¸€å£ã€‚å®ƒç°åœ¨åœ¨ä½ èº«æ—é£ï¼Œä½ åº”è¯¥æ‰“æ­»å®ƒå—ï¼Ÿ"
SHOULD_MOSQUITO_ITCH,"[color=yellow][hint=If you don't kill it, it might bite you again and make you itchy.]Itch[/hint][/color]","[color=yellow][hint=å¦‚æœä¸æ‰“æ­»å®ƒï¼Œå®ƒå¯èƒ½è¿˜ä¼šå®ä½ ï¼Œè®©ä½ ç—’ã€‚]ç—’[/hint][/color]"
SHOULD_MOSQUITO_EXTINCT,"[color=yellow][hint=Killing it contributes to the eradication of mosquitoes, and once they are extinct, no one will be bitten by mosquitoes anymore.]Extinct[/hint][/color]","[color=yellow][hint=æ‰“æ­»å®ƒæœ‰åŠ©äºèšŠå­çš„ç­ç»ï¼Œè€ŒèšŠå­ç­ç»åå°±æ²¡æœ‰äººä¼šè¢«èšŠå­å®äº†ã€‚]ç­ç»[/hint][/color]"
SHOULD_MOSQUITO_PAIN,"[color=yellow][hint=When you kill the mosquito, it may feel pain.]Pain[/hint][/color]","[color=yellow][hint=æ‰“æ­»èšŠå­æ—¶ï¼ŒèšŠå­å¯èƒ½ä¼šæ„Ÿåˆ°ç–¼ç—›ã€‚]ç–¼ç—›[/hint][/color]"
SHOULD_MOSQUITO_EFFORT,"[color=yellow][hint=Killing the mosquito is kind of challenging and requires time and effort.]Effort[/hint][/color]","[color=yellow][hint=æ‰“æ­»èšŠå­æœ‰ç‚¹éš¾åº¦ï¼Œéœ€è¦è€—æ—¶è€—åŠ›ã€‚]è€—æ—¶è€—åŠ›[/hint][/color]"
SHOULD_CAKE_A,"You have a delicious piece of cake. You can either eat it right now, or wait and plan to eat it later. Should you eat it right now?","ä½ æ‹¥æœ‰ä¸€å—å¥½åƒçš„è›‹ç³•ã€‚ä½ å½“å‰è¦ä¹ˆç«‹åˆ»åƒæ‰å®ƒï¼Œè¦ä¹ˆç°åœ¨ä¸åƒï¼Œè®¡åˆ’ç­‰ä¼šå†åƒã€‚ä½ å½“å‰åº”è¯¥ç«‹åˆ»åƒæ‰å®ƒå—ï¼Ÿ"
SHOULD_CAKE_A_OPPORTUNITY,"[color=yellow][hint=If you don't eat it now, unforeseen events may occur later preventing you from eating it (for example, you die). So you should seize the opportunity and eat it now.]Opportunity[/hint][/color]","[color=yellow][hint=ç°åœ¨ä¸åƒï¼Œç­‰ä¼šå‘ç”Ÿæ„å¤–äº‹ä»¶åå¯èƒ½ä¼šæƒ³åƒä¹Ÿåƒä¸äº†ï¼ˆä¾‹å¦‚ï¼šä½ æ­»äº†ï¼‰ã€‚æ‰€ä»¥ä½ ç°åœ¨åº”è¯¥æŠ“ä½æ—¶æœºæŠŠå®ƒåƒäº†ã€‚]æ—¶æœº[/hint][/color]"
SHOULD_CAKE_B,"You see a piece of delicious cake in front of you, and there's another person nearby. It is known that this cake will either be entirely eaten by you or entirely eaten by them. Should you eat the cake?","ä½ çœ‹è§é¢å‰æœ‰ä¸€å—å¥½åƒçš„è›‹ç³•ï¼Œè€Œä¸”æ—è¾¹è¿˜æœ‰ä¸€ä¸ªäººã€‚å·²çŸ¥æ­¤è›‹ç³•è¦ä¹ˆè¢«ä½ å…¨éƒ¨åƒæ‰ï¼Œè¦ä¹ˆè¢«ä»–å…¨éƒ¨åƒæ‰ã€‚ä½ åº”è¯¥åƒæ‰æ­¤è›‹ç³•å—ï¼Ÿ"
SHOULD_CAKE_B_SENTIENT,"[color=yellow][hint=The other person may not have perception.]Sentient[/hint][/color]","[color=yellow][hint=é‚£ä¸ªäººä¸ä¸€å®šæœ‰æ„ŸçŸ¥ã€‚]æ„ŸçŸ¥[/hint][/color]"
SHOULD_FINALE,"In the scenario of the problem ""Lie"", you should either choose one of the two responses immediately or take some time to think about whether to lie. Should you take some time to think?","åœ¨â€œæ’’è°â€é¢˜ç›®çš„æƒ…å¢ƒä¸‹ï¼Œä½ è¦ä¹ˆç«‹åˆ»åœ¨ä¸¤ç§å›ç­”ä¸­é€‰æ‹©ä¸€ä¸ªå›ç­”ï¼Œè¦ä¹ˆå†è€ƒè™‘ä¸€ä¸‹è¦ä¸è¦æ’’è°ã€‚ä½ åº”è¯¥å†è€ƒè™‘ä¸€ä¸‹å—ï¼Ÿ"
SHOULD_FINALE_CERTAIN,"[color=yellow][hint=After thinking, the choice made is more likely to be the one that should be taken.]Certain[/hint][/color]","[color=yellow][hint=ç»è¿‡è€ƒè™‘ä¹‹åï¼Œåšå‡ºçš„é€‰æ‹©æ›´å¯èƒ½æ˜¯åº”è¯¥åšçš„é‚£ä¸€ä¸ªã€‚]ç¡®å®š[/hint][/color]"
SHOULD_FINALE_EXPOSED,"[color=yellow][hint=The pause you take while thinking will expose that you are thinking whether to lie.]Exposed[/hint][/color]","[color=yellow][hint=ä½ è€ƒè™‘æ—¶çš„åœé¡¿ä¼šæš´éœ²ä½ æ­£åœ¨è€ƒè™‘è¦ä¸è¦æ’’è°ã€‚]æš´éœ²[/hint][/color]"






SHOULD_RULE,"",""
SHOULD_RULE,"","[color=yellow][hint=å°½åŠ›ä¼šç´¯]è´¹åŠ›[/hint][/color]"
SHOULD_RULE,"","[color=yellow][hint=å°½åŠ›ä¼šç´¯]è´¹åŠ›[/hint][/color]"